Time (ns),Current (nA),Voltage (mV),Energy (uJ),DSR
"0","399500","3266","5.9","0x3E043A280000830"
"902000","399500","3277","7.0",""
"1747000","399500","3273","8.2",""
"2592000","399500","3277","9.3",""
"3442000","399500","3274","10.4",""
"4536000","399500","3277","11.9",""
"5438000","399500","3276","13.0",""
"6283000","399500","3279","14.5",""
"7128000","399500","3278","15.6",""
"7972000","399500","3279","16.8",""
"9067000","399500","3278","18.3",""
"9970000","399500","3279","19.8",""
"10814000","399500","3278","21.3",""
"11657000","399500","3279","22.8",""
"12502000","399500","3278","24.3",""
"13602000","399500","3279","25.8",""
"14504000","399500","3278","26.9",""
"15348000","399500","3279","28.0",""
"16192000","399500","3279","29.1",""
"17037000","399500","3279","30.3",""
"18132000","399500","3279","31.7",""
"19034000","399500","3280","33.3",""
"19878000","399500","3279","34.4",""
"20723000","399500","3280","35.5",""
"21567000","399500","3280","36.6",""
"22661000","399500","3280","37.7",""
"23568000","399500","3280","39.2",""
"24413000","399500","3281","40.3",""
"25259000","399500","3280","41.5",""
"26103000","399500","3281","42.6",""
"27198000","399500","3280","44.1",""
"28104000","399500","3281","45.2",""
"28950000","399500","3280","46.7",""
"29793000","399500","3281","47.8",""
"30639000","399500","3280","49.3",""
"31732000","399500","3281","51.2",""
"32633000","399500","3280","52.7",""
"33483000","399500","3280","53.8",""
"34327000","432900","3280","55.0",""
"35172000","432900","3281","56.1",""
"36265000","432900","3280","57.6",""
"37168000","432900","3281","58.7",""
"38012000","432900","3280","60.2",""
"38857000","432900","3281","61.3",""
"39702000","432900","3281","62.4",""
"40795000","432900","3281","63.5",""
"41698000","432900","3281","65.0",""
"42542000","432900","3281","66.2",""
"43391000","432900","3281","67.3",""
"44235000","432900","3281","68.4",""
"45330000","432900","3281","69.5",""
"46233000","432900","3281","71.0",""
"47077000","432900","3281","72.1",""
"47921000","432900","3281","73.3",""
"48766000","432900","3281","74.8",""
"49860000","432900","3281","76.3",""
"50763000","432900","3281","77.8",""
"51607000","432900","3281","79.3",""
"52452000","432900","3281","80.8",""
"53302000","432900","3281","81.9",""
"54395000","432900","3281","83.4",""
"55298000","432900","3281","84.9",""
"56143000","432900","3281","86.0",""
"56987000","432900","3281","87.1",""
"57831000","432900","3281","88.3",""
"58925000","432900","3281","89.4",""
"59827000","432900","3281","90.9",""
"60672000","432900","3281","92.0",""
"61516000","432900","3281","93.1",""
"62360000","432900","3281","94.2",""
"63460000","432900","3281","95.3",""
"64361000","432900","3281","96.8",""
"65206000","432900","3281","98.0",""
"66051000","432900","3281","99.1",""
"66895000","432900","3281","100.2",""
"67981000","432900","3281","101.7",""
"68892000","432900","3281","103.2",""
"69741000","422400","3281","104.3",""
"70585000","422400","3281","105.8",""
"71428000","422400","3281","107.3",""
"72523000","422400","3281","109.2",""
"73431000","422400","3281","110.3",""
"74276000","422400","3281","111.5",""
"75120000","422400","3281","113.0",""
"75965000","422400","3281","114.1",""
"77058000","422400","3281","115.2",""
"77961000","422400","3281","116.7",""
"78806000","422400","3281","117.8",""
"79649000","422400","3281","118.9",""
"80493000","422400","3281","120.1",""
"81587000","422400","3281","121.5",""
"82489000","422400","3281","122.7",""
"83339000","422400","3281","123.8",""
"84183000","422400","3281","124.9",""
"85028000","422400","3281","126.0",""
"86122000","422400","3281","127.5",""
"87024000","422400","3281","128.6",""
"87869000","422400","3281","129.8",""
"88713000","422400","3281","131.3",""
"89557000","422400","3281","132.4",""
"90710000","422400","3281","134.3",""
"91554000","422400","3281","135.8",""
"92398000","422400","3281","137.3",""
"93247000","422400","3281","138.4",""
"94091000","422400","3281","139.5",""
"95185000","422400","3281","141.0",""
"96087000","422400","3281","142.5",""
"96932000","422400","3281","143.3",""
"97776000","422400","3281","144.8",""
"98621000","422400","3281","145.9",""
"99714000","422400","3281","147.0",""
"100617000","422400","3281","148.5",""
"101462000","422400","3281","149.6",""
"102307000","422400","3281","150.7",""
"103157000","422400","3281","151.9",""
"104251000","430500","3281","153.3",""
"105152000","430500","3281","154.5",""
"105997000","430500","3281","155.6",""
"106841000","430500","3281","156.7",""
"107685000","430500","3281","157.8",""
"108779000","430500","3281","159.3",""
"109681000","430500","3281","160.8",""
"110526000","430500","3281","162.3",""
"111370000","430500","3281","163.8",""
"112219000","430500","3281","165.3",""
"113319000","430500","3281","166.8",""
"114221000","430500","3281","168.3",""
"115066000","430500","3281","169.5",""
"115910000","430500","3281","170.6",""
"116754000","430500","3281","171.7",""
"117840000","430500","3281","172.8",""
"118751000","430500","3281","174.3",""
"119596000","430500","3281","175.4",""
"120441000","430500","3281","176.6",""
"121285000","430500","3281","177.7",""
"122379000","430500","3281","179.2",""
"123287000","430500","3281","180.3",""
"124132000","430500","3281","181.4",""
"124977000","430500","3281","182.5",""
"125821000","430500","3281","183.6",""
"126907000","430500","3281","185.1",""
"127817000","430500","3281","186.6",""
"128662000","430500","3281","187.8",""
"129507000","430500","3281","189.3",""
"130352000","430500","3281","190.4",""
"131446000","430500","3281","191.9",""
"132348000","430500","3281","193.4",""
"133198000","430500","3281","194.5",""
"134043000","430500","3281","195.6",""
"134887000","430500","3281","196.8",""
"135981000","430500","3281","198.2",""
"136884000","430500","3281","199.8",""
"137728000","430500","3281","200.9",""
"138573000","430500","3281","202.0",""
"139417000","428800","3281","203.1",""
"140512000","428800","3281","204.6",""
"141414000","428800","3281","205.7",""
"142258000","428800","3281","206.8",""
"143108000","428800","3281","208.0",""
"143952000","428800","3281","209.1",""
"145047000","428800","3281","210.6",""
"145949000","428800","3281","211.7",""
"146793000","428800","3281","212.8",""
"147638000","428800","3281","213.9",""
"148482000","428800","3281","215.1",""
"149577000","428800","3281","216.5",""
"150480000","428800","3281","218.1",""
"151324000","428800","3281","219.2",""
"152169000","428800","3280","220.3",""
"153019000","428800","3280","221.4",""
"154118000","428800","3280","222.9",""
"155020000","428800","3281","224.0",""
"155865000","428800","3281","225.1",""
"156710000","428800","3281","226.3",""
"157554000","428800","3281","227.4",""
"158649000","428800","3281","228.9",""
"159551000","428800","3281","230.0",""
"160395000","428800","3280","231.1",""
"161239000","428800","3280","232.2",""
"162083000","428800","3280","233.4",""
"163183000","428800","3280","234.9",""
"164084000","428800","3280","236.0",""
"164928000","428800","3280","237.1",""
"165773000","428800","3280","238.2",""
"166617000","428800","3280","239.3",""
"167710000","428800","3280","240.8",""
"168612000","428800","3280","242.3",""
"169456000","428800","3280","243.4",""
"170302000","428800","3280","244.6",""
"171147000","428800","3280","246.1",""
"172240000","428800","3280","247.6",""
"173149000","428800","3280","248.7",""
"173993000","428800","3280","249.8",""
"174838000","428800","3280","250.9",""
"175683000","408900","3280","252.0",""
"176768000","408900","3280","253.5",""
"177679000","408900","3280","254.7",""
"178523000","408900","3280","255.8",""
"179369000","408900","3280","256.9",""
"180214000","408900","3280","258.0",""
"181308000","408900","3280","259.5",""
"182211000","408900","3280","260.6",""
"183062000","408900","3280","261.7",""
"183906000","408900","3280","262.9",""
"184751000","408900","3280","264.0",""
"185846000","408900","3280","265.1",""
"186747000","408900","3280","266.6",""
"187591000","408900","3280","267.7",""
"188436000","408900","3280","268.8",""
"189280000","408900","3280","270.0",""
"190374000","408900","3280","271.5",""
"191275000","408900","3280","273.0",""
"192119000","408900","3279","274.1",""
"192971000","408900","3279","275.2",""
"193815000","408900","3279","276.3",""
"194909000","408900","3279","277.8",""
"195816000","408900","3279","278.9",""
"196661000","408900","3279","280.1",""
"197506000","408900","3279","281.2",""
"198350000","408900","3279","282.3",""
"199445000","408900","3279","283.8",""
"200346000","408900","3279","284.9",""
"201191000","408900","3279","286.0",""
"202034000","408900","3279","287.1",""
"202880000","408900","3279","288.3",""
"203979000","408900","3279","289.8",""
"204881000","408900","3279","290.9",""
"205725000","408900","3279","292.0",""
"206569000","408900","3279","293.1",""
"207413000","408900","3279","294.2",""
"208507000","408900","3279","295.7",""
"209409000","408900","3279","297.2",""
"210254000","408900","3280","298.4",""
"211098000","408900","3280","299.5",""
"211943000","408900","3280","300.6",""
"213042000","405900","3280","302.1",""
"213945000","405900","3280","303.6",""
"214789000","405900","3280","304.7",""
"215633000","405900","3280","305.8",""
"216477000","405900","3280","306.6",""
"217572000","405900","3280","308.1",""
"218473000","405900","3280","309.2",""
"219318000","405900","3280","310.3",""
"220162000","405900","3280","311.4",""
"221006000","405900","3280","312.5",""
"222100000","405900","3280","314.0",""
"223007000","405900","3280","315.1",""
"223851000","405900","3280","316.3",""
"224695000","405900","3279","317.4",""
"225540000","405900","3279","318.5",""
"226635000","405900","3279","320.0",""
"227537000","405900","3279","321.5",""
"228381000","405900","3279","322.6",""
"229225000","405900","3279","323.7",""
"230071000","405900","3279","324.9",""
"231165000","405900","3279","326.4",""
"232066000","405900","3279","327.9",""
"232910000","405900","3279","329.0",""
"233762000","405900","3279","330.1",""
"234606000","405900","3279","331.2",""
"235700000","405900","3279","332.7",""
"236602000","405900","3279","333.8",""
"237479000","405900","3279","335.0",""
"238324000","405900","3279","336.1",""
"239169000","405900","3279","337.2",""
"240263000","405900","3279","338.7",""
"241166000","405900","3279","339.8",""
"242010000","405900","3280","340.9",""
"242854000","405900","3280","342.0",""
"243704000","405900","3280","343.2",""
"244798000","405900","3280","344.7",""
"245701000","405900","3280","345.8",""
"246546000","405900","3280","346.9",""
"247390000","405900","3280","348.0",""
"248234000","405900","3280","349.1",""
"249328000","408700","3280","351.0",""
"250230000","408700","3280","352.1",""
"251074000","408700","3280","353.3",""
"251918000","408700","3280","354.8",""
"252763000","408700","3280","355.9",""
"253862000","408700","3280","357.4",""
"254765000","408700","3280","358.5",""
"255609000","408700","3280","359.6",""
"256454000","408700","3280","360.7",""
"257299000","408700","3280","361.9",""
"258393000","408700","3280","363.4",""
"259294000","408700","3280","364.5",""
"260139000","408700","3280","365.6",""
"260984000","408700","3280","366.7",""
"261828000","408700","3279","367.8",""
"262923000","408700","3279","369.3",""
"263831000","408700","3279","370.4",""
"264676000","408700","3279","371.6",""
"265519000","408700","3279","372.7",""
"266365000","408700","3279","373.8",""
"267458000","408700","3279","375.3",""
"268359000","408700","3280","376.8",""
"269204000","408700","3280","377.9",""
"270049000","408700","3280","379.0",""
"270894000","408700","3280","380.5",""
"271987000","408700","3280","382.0",""
"272889000","408700","3280","383.2",""
"273740000","408700","3280","384.3",""
"274583000","408700","3280","385.4",""
"275428000","408700","3280","386.5",""
"276523000","408700","3280","388.0",""
"277426000","408700","3280","389.1",""
"278270000","408700","3280","390.3",""
"279115000","408700","3280","391.4",""
"279964000","408700","3280","392.5",""
"281058000","408700","3280","394.0",""
"281959000","408700","3279","395.1",""
"282804000","408700","3279","396.2",""
"283653000","408700","3279","397.3",""
"284498000","408700","3280","398.5",""
"285584000","409000","3280","400.0",""
"286494000","409000","3280","401.1",""
"287339000","409000","3280","402.2",""
"288183000","409000","3279","403.3",""
"289028000","409000","3279","404.8",""
"290123000","409000","3279","406.3",""
"291026000","409000","3280","407.8",""
"291870000","409000","3280","408.9",""
"292715000","409000","3280","410.1",""
"293565000","409000","3280","411.2",""
"294660000","409000","3280","412.7",""
"295561000","409000","3279","413.8",""
"296406000","409000","3279","414.9",""
"297251000","409000","3279","416.0",""
"298095000","409000","3279","417.2",""
"299190000","409000","3279","418.6",""
"300091000","409000","3279","419.8",""
"300936000","409000","3279","420.9",""
"301780000","409000","3279","422.0",""
"302624000","409000","3279","423.1",""
"303723000","409000","3279","424.6",""
"304626000","409000","3279","425.7",""
"305470000","409000","3279","426.9",""
"306313000","409000","3279","428.0",""
"307158000","409000","3279","429.5",""
"308253000","409000","3279","431.0",""
"309156000","409000","3279","432.1",""
"310000000","409000","3279","433.2",""
"310845000","409000","3279","434.7",""
"311690000","409000","3279","435.8",""
"312784000","409000","3279","437.3",""
"313692000","409000","3279","438.8",""
"314536000","409000","3279","440.0",""
"315381000","409000","3279","441.1",""
"316226000","409000","3279","442.2",""
"317320000","409000","3279","443.3",""
"318222000","409000","3279","444.8",""
"319066000","409000","3279","445.9",""
"319910000","409000","3279","447.1",""
"320754000","409000","3279","448.2",""
"321853000","415300","3279","449.7",""
"322755000","415300","3279","450.8",""
"323606000","415300","3280","451.9",""
"324450000","415300","3280","453.0",""
"325294000","415300","3280","454.1",""
"326388000","415300","3279","455.6",""
"327291000","415300","3280","457.1",""
"328135000","415300","3280","458.3",""
"328980000","415300","3280","459.4",""
"329824000","415300","3280","460.9",""
"330919000","415300","3280","462.4",""
"331821000","415300","3280","463.9",""
"332665000","415300","3280","465.0",""
"333516000","415300","3280","466.1",""
"334360000","415300","3280","467.3",""
"335454000","415300","3280","468.7",""
"336356000","415300","3280","470.3",""
"337200000","415300","3280","471.4",""
"338045000","415300","3280","472.5",""
"338890000","415300","3280","473.6",""
"339984000","415300","3280","475.1",""
"340886000","415300","3280","476.2",""
"341729000","415300","3280","477.3",""
"342574000","415300","3280","478.5",""
"343424000","415300","3280","479.6",""
"344518000","415300","3280","481.1",""
"345421000","415300","3281","482.2",""
"346265000","415300","3281","483.3",""
"347109000","415300","3281","484.4",""
"347954000","415300","3281","485.6",""
"349049000","415300","3281","487.0",""
"349951000","415300","3281","488.6",""
"350796000","415300","3281","489.7",""
"351641000","415300","3281","491.2",""
"352485000","415300","3281","492.3",""
"353585000","415300","3281","493.8",""
"354487000","415300","3281","494.9",""
"355332000","415300","3280","496.0",""
"356176000","415300","3280","497.2",""
"357021000","415300","3280","498.3",""
"358116000","418600","3281","499.8",""
"359018000","418600","3281","500.9",""
"359863000","418600","3281","502.0",""
"360708000","418600","3280","503.1",""
"361552000","418600","3281","504.2",""
"362646000","418600","3281","505.7",""
"363558000","418600","3280","506.9",""
"364403000","418600","3281","508.0",""
"365248000","418600","3281","509.5",""
"366092000","418600","3281","510.6",""
"367186000","418600","3281","512.1",""
"368088000","418600","3281","513.2",""
"368932000","418600","3280","514.3",""
"369776000","418600","3280","515.8",""
"370620000","418600","3280","517.0",""
"371714000","418600","3281","518.8",""
"372616000","418600","3280","520.0",""
"373465000","418600","3280","521.1",""
"374309000","418600","3280","522.2",""
"375153000","418600","3280","523.3",""
"376247000","418600","3280","524.8",""
"377149000","418600","3280","525.9",""
"377993000","418600","3280","527.1",""
"378838000","418600","3280","528.2",""
"379682000","418600","3280","529.3",""
"380776000","418600","3280","530.8",""
"381678000","418600","3280","531.9",""
"382523000","418600","3280","533.0",""
"383373000","418600","3280","534.1",""
"384217000","418600","3280","535.7",""
"385310000","418600","3280","536.8",""
"386213000","418600","3280","538.3",""
"387058000","418600","3280","539.4",""
"387902000","418600","3280","540.5",""
"388747000","418600","3280","542.0",""
"389842000","418600","3280","543.5",""
"390744000","418600","3280","545.0",""
"391589000","418600","3280","546.1",""
"392434000","418600","3280","547.6",""
"393283000","422100","3280","548.8",""
"394377000","422100","3280","550.3",""
"395280000","422100","3280","551.4",""
"396124000","422100","3280","552.5",""
"396969000","422100","3280","553.6",""
"397813000","422100","3280","555.1",""
"398907000","422100","3280","556.2",""
"399810000","422100","3280","557.7",""
"400654000","422100","3280","558.8",""
"401499000","422100","3280","560.0",""
"402343000","422100","3280","561.1",""
"403444000","422100","3280","562.6",""
"404345000","422100","3280","563.7",""
"405253000","422100","3280","564.8",""
"406098000","422100","3280","565.9",""
"406942000","422100","3280","567.1",""
"408036000","422100","3280","568.6",""
"408938000","422100","3280","570.1",""
"409783000","422100","3280","571.2",""
"410627000","422100","3280","572.7",""
"411472000","422100","3280","573.8",""
"412566000","422100","3280","575.3",""
"413474000","422100","3280","576.8",""
"414318000","422100","3280","577.9",""
"415162000","422100","3280","579.0",""
"416006000","422100","3280","580.2",""
"417101000","422100","3280","581.3",""
"418003000","422100","3280","582.8",""
"418848000","422100","3280","583.9",""
"419692000","422100","3280","584.6",""
"420537000","422100","3280","586.1",""
"421630000","422100","3280","587.2",""
"422532000","422100","3281","588.4",""
"423382000","422100","3281","589.5",""
"424227000","422100","3281","590.6",""
"425071000","422100","3281","591.7",""
"426166000","422100","3281","593.2",""
"427068000","422100","3281","594.7",""
"427913000","422100","3282","595.8",""
"428758000","422100","3281","597.0",""
"429602000","414700","3281","598.5",""
"430696000","414700","3281","600.0",""
"432123000","414700","3281","601.4","0x8000000000000800"
"433278000","414700","3281","602.2",""
"434428000","414700","3281","603.3",""
"435578000","414700","3281","604.0",""
"436663000","414700","3281","604.3",""
"437870000","414700","3281","605.0",""
"439020000","414700","3281","606.1",""
"440170000","414700","3281","606.8",""
"441319000","414700","3281","607.6",""
"442405000","414700","3281","607.9",""
"443618000","414700","3282","609.0",""
"444768000","414700","3282","609.7",""
"445918000","414700","3282","610.4",""
"447068000","414700","3281","611.1",""
"448157000","414700","3282","611.9",""
"449365000","414700","3282","613.0",""
"450515000","414700","3282","614.1",""
"451665000","414700","3281","614.8",""
"452814000","414700","3281","615.9",""
"453904000","414700","3281","616.6",""
"455112000","414700","3281","617.3",""
"456262000","414700","3281","618.0",""
"457412000","414700","3281","618.8",""
"458560000","414700","3281","619.5",""
"459645000","414700","3281","620.2",""
"460853000","414700","3281","620.9",""
"462003000","414700","3281","621.6",""
"463158000","414700","3281","622.3",""
"464307000","414700","3281","623.1",""
"465391000","414700","3281","623.8",""
"466599000","414700","3281","624.5",""
"467748000","414700","3281","625.6",""
"468898000","414700","3281","626.3",""
"470048000","414700","3281","627.4",""
"471134000","414700","3281","628.1",""
"472342000","414700","3281","629.2",""
"473497000","414700","3281","630.0",""
"474647000","414700","3281","631.1",""
"475797000","414700","3281","631.8",""
"476882000","414700","3281","632.1",""
"478089000","414700","3281","632.8",""
"479239000","414700","3281","633.9",""
"480389000","414700","3281","634.6",""
"481539000","414700","3280","635.4",""
"482625000","414700","3280","635.7",""
"483837000","414700","3280","636.8",""
"484987000","414700","3280","637.5",""
"486137000","414700","3280","638.2",""
"487287000","414700","3280","638.9",""
"488372000","414700","3280","639.7",""
"489584000","414700","3280","640.8",""
"490734000","414700","3280","641.9",""
"491885000","414700","3280","643.0",""
"493040000","414700","3280","643.7",""
"494126000","414700","3280","644.4",""
"495334000","414700","3280","645.1",""
"496484000","214700","3280","645.8",""
"497634000","214700","3280","646.6",""
"498783000","214700","3280","647.7",""
"499868000","214700","3280","648.0",""
"501076000","214700","3280","648.7",""
"502225000","214700","3280","649.4",""
"503380000","214700","3280","650.5",""
"504530000","214700","3280","651.3",""
"505615000","214700","3280","651.6",""
"506822000","214700","3280","652.7",""
"507973000","214700","3280","653.4",""
"509122000","214700","3280","654.5",""
"510272000","214700","3280","655.6",""
"511357000","214700","3280","656.3",""
"512565000","214700","3280","657.4",""
"513720000","214700","3280","658.2",""
"514870000","214700","3280","658.9",""
"516020000","214700","3280","659.6",""
"517105000","214700","3280","660.3",""
"518313000","214700","3280","661.0",""
"519464000","214700","3280","661.7",""
"520614000","214700","3280","662.5",""
"521764000","214700","3280","663.6",""
"522848000","214700","3280","663.9",""
"524061000","214700","3280","664.6",""
"525211000","214700","3280","665.3",""
"526361000","214700","3280","666.4",""
"527511000","214700","3280","667.1",""
"528596000","214700","3280","667.9",""
"529804000","214700","3280","669.0",""
"530955000","214700","3280","670.1",""
"532109000","214700","3280","671.2",""
"533265000","214700","3280","671.9",""
"534350000","214700","3280","672.6",""
"535558000","214700","3280","673.3",""
"536707000","214700","3280","674.0",""
"537858000","214700","3280","674.8",""
"539007000","214700","3280","675.5",""
"540093000","214700","3280","676.2",""
"541300000","214700","3280","676.9",""
"542450000","214700","3280","677.6",""
"543606000","214700","3280","678.7",""
"544756000","214700","3280","679.4",""
"545840000","214700","3280","679.8",""
"547049000","214700","3280","680.9",""
"548199000","214700","3280","681.6",""
"549349000","214700","3280","682.7",""
"550498000","214700","3280","683.8",""
"551583000","214700","3280","684.5",""
"552790000","214700","3280","685.6",""
"553947000","214700","3280","686.3",""
"555096000","214700","3280","687.1",""
"556246000","214700","3280","687.8",""
"557331000","214700","3280","688.5",""
"558539000","214700","3280","689.2",""
"559687000","214700","3280","689.9",""
"560838000","214700","3280","691.0",""
"561988000","214700","3280","691.8",""
"563078000","214700","3280","692.1",""
"564285000","214700","3280","692.8",""
"565435000","211200","3280","693.9",""
"566585000","211200","3280","694.6",""
"567736000","211200","3280","695.3",""
"568822000","211200","3280","696.1",""
"570029000","211200","3280","697.5",""
"571179000","211200","3280","698.6",""
"572330000","211200","3280","699.4",""
"573490000","211200","3280","700.5",""
"574574000","211200","3280","700.8",""
"575782000","211200","3280","701.5",""
"576932000","211200","3280","702.6",""
"578082000","211200","3280","703.3",""
"579232000","211200","3280","704.1",""
"580317000","211200","3280","704.4",""
"581525000","211200","3280","705.5",""
"582675000","211200","3280","706.2",""
"583830000","211200","3280","706.9",""
"584980000","211200","3280","707.6",""
"586058000","211200","3280","708.4",""
"587273000","211200","3280","709.1",""
"588424000","211200","3280","710.2",""
"589574000","211200","3280","711.3",""
"590724000","211200","3280","712.4",""
"591810000","211200","3280","713.1",""
"593024000","211200","3280","713.8",""
"594174000","211200","3281","714.9",""
"595323000","211200","3281","715.6",""
"596473000","211200","3281","716.4",""
"597558000","211200","3281","717.1",""
"598766000","211200","3281","717.8",""
"599916000","211200","3281","718.5",""
"601065000","211200","3281","719.2",""
"602215000","211200","3280","719.9",""
"603305000","211200","3280","720.7",""
"604514000","211200","3280","721.4",""
"605664000","211200","3280","722.1",""
"606814000","211200","3280","723.2",""
"607964000","211200","3280","723.9",""
"609042000","211200","3280","724.6",""
"610258000","211200","3280","726.1",""
"611406000","211200","3281","727.2",""
"612556000","211200","3281","727.9",""
"613712000","211200","3281","729.0",""
"614798000","211200","3281","729.4",""
"616011000","211200","3281","730.1",""
"617159000","211200","3281","731.2",""
"618309000","211200","3281","731.9",""
"619458000","211200","3281","732.6",""
"620544000","211200","3281","733.0",""
"621751000","211200","3281","734.1",""
"622902000","211200","3281","734.8",""
"624057000","211200","3281","735.5",""
"625207000","211200","3281","736.2",""
"626292000","211200","3281","736.9",""
"627499000","211200","3281","737.7",""
"628649000","211200","3281","738.8",""
"629799000","211200","3281","739.9",""
"630948000","211200","3281","741.0",""
"632032000","217400","3281","741.7",""
"633246000","217400","3281","742.8",""
"634396000","217400","3281","743.5",""
"635545000","217400","3281","744.2",""
"636695000","217400","3280","744.9",""
"637780000","217400","3280","745.7",""
"638989000","217400","3280","746.4",""
"640139000","217400","3280","747.1",""
"641288000","217400","3280","748.2",""
"642438000","217400","3280","748.9",""
"643528000","217400","3280","749.2",""
"644736000","217400","3280","750.0",""
"645886000","217400","3280","751.1",""
"647036000","217400","3280","751.8",""
"648186000","217400","3280","752.9",""
"649271000","217400","3280","753.6",""
"650479000","217400","3280","754.7",""
"651628000","217400","3280","755.8",""
"652779000","217400","3280","756.9",""
"653933000","217400","3280","757.6",""
"655010000","217400","3280","758.0",""
"656226000","217400","3280","759.1",""
"657380000","217400","3280","759.8",""
"658530000","217400","3280","760.5",""
"659680000","217400","3280","761.2",""
"660765000","217400","3280","761.9",""
"661972000","217400","3280","762.6",""
"663128000","217400","3280","763.4",""
"664278000","217400","3280","764.1",""
"665428000","217400","3280","765.2",""
"666512000","217400","3281","765.5",""
"667719000","217400","3280","766.6",""
"668870000","217400","3280","767.7",""
"670020000","217400","3280","768.8",""
"671170000","217400","3280","769.9",""
"672256000","217400","3280","770.7",""
"673469000","217400","3280","771.4",""
"674617000","217400","3280","772.1",""
"675767000","217400","3280","773.2",""
"676918000","217400","3280","773.9",""
"678004000","217400","3280","774.2",""
"679211000","217400","3280","775.3",""
"680361000","217400","3280","776.1",""
"681511000","217400","3280","776.8",""
"682662000","217400","3280","777.5",""
"683752000","217400","3280","778.2",""
"684960000","217400","3280","778.9",""
"686110000","217400","3280","779.6",""
"687261000","217400","3280","780.7",""
"688410000","217400","3280","781.5",""
"689495000","217400","3281","782.6",""
"690702000","217400","3281","783.7",""
"691853000","217400","3281","784.8",""
"693009000","217400","3281","785.5",""
"694159000","217400","3281","786.6",""
"695245000","217400","3281","786.9",""
"696452000","217400","3281","787.6",""
"697602000","217400","3281","788.7",""
"698753000","217000","3281","789.5",""
"699907000","217000","3281","790.2",""
"700993000","217000","3281","790.5",""
"702200000","217000","3281","791.6",""
"703356000","217000","3281","792.3",""
"704506000","217000","3281","793.0",""
"705657000","217000","3281","793.8",""
"706741000","217000","3281","794.5",""
"707949000","217000","3281","795.6",""
"709099000","217000","3281","796.7",""
"710248000","217000","3281","797.8",""
"711398000","217000","3281","798.9",""
"712484000","217000","3281","799.6",""
"713696000","217000","3281","800.3",""
"714846000","217000","3281","801.1",""
"715997000","217000","3281","802.2",""
"717146000","217000","3281","802.9",""
"718231000","217000","3281","803.2",""
"719438000","217000","3281","803.9",""
"720588000","217000","3281","805.0",""
"721739000","217000","3281","805.7",""
"722889000","217000","3281","806.5",""
"723979000","217000","3281","807.2",""
"725186000","217000","3281","807.9",""
"726337000","217000","3281","808.6",""
"727486000","217000","3281","809.7",""
"728637000","217000","3281","810.4",""
"729721000","217000","3281","811.5",""
"730928000","217000","3281","812.6",""
"732078000","217000","3281","813.7",""
"733234000","217000","3281","814.5",""
"734383000","217000","3281","815.6",""
"735467000","217000","3281","815.9",""
"736674000","217000","3281","816.6",""
"737824000","217000","3281","817.7",""
"738974000","217000","3281","818.4",""
"740124000","217000","3281","819.1",""
"741213000","217000","3281","819.5",""
"742421000","217000","3281","820.6",""
"743576000","217000","3281","821.3",""
"744726000","217000","3281","822.0",""
"745874000","217000","3281","822.7",""
"746960000","217000","3281","823.5",""
"748167000","217000","3281","824.6",""
"749318000","217000","3281","825.7",""
"750467000","217000","3281","826.8",""
"751617000","217000","3281","827.9",""
"752702000","217000","3281","828.6",""
"753916000","217000","3281","829.3",""
"755066000","217000","3281","830.0",""
"756215000","217000","3280","831.1",""
"757366000","217000","3280","831.8",""
"758450000","217000","3280","832.2",""
"759659000","217000","3280","833.3",""
"760809000","217000","3280","834.0",""
"761959000","217000","3280","834.7",""
"763115000","217000","3280","835.4",""
"764201000","217000","3280","836.1",""
"765408000","215500","3280","836.9",""
"766558000","215500","3280","838.0",""
"767708000","215500","3280","838.7",""
"768857000","215500","3280","839.8",""
"769942000","215500","3280","840.5",""
"771150000","215500","3280","842.0",""
"772301000","215500","3280","842.7",""
"773456000","215500","3280","843.8",""
"774606000","215500","3280","844.5",""
"775691000","215500","3280","845.3",""
"776898000","215500","3281","846.0",""
"778048000","215500","3281","846.7",""
"779198000","215500","3280","847.4",""
"780347000","215500","3280","848.5",""
"781431000","215500","3280","848.8",""
"782638000","215500","3280","849.6",""
"783799000","215500","3280","850.7",""
"784949000","215500","3280","851.4",""
"786098000","215500","3280","852.1",""
"787182000","215500","3280","852.8",""
"788391000","215500","3280","853.9",""
"789541000","215500","3280","855.0",""
"790690000","215500","3280","856.1",""
"791840000","215500","3280","857.2",""
"792925000","215500","3280","857.9",""
"794138000","215500","3280","858.7",""
"795288000","215500","3280","859.4",""
"796438000","215500","3280","860.1",""
"797588000","215500","3280","861.2",""
"798673000","215500","3280","861.5",""
"799881000","215500","3280","862.2",""
"801031000","215500","3280","863.3",""
"802181000","215500","3280","864.1",""
"803337000","215500","3280","864.8",""
"804422000","215500","3281","865.5",""
"805630000","215500","3281","866.2",""
"806780000","215500","3280","866.9",""
"807930000","215500","3280","868.0",""
"809081000","215500","3280","869.1",""
"810166000","215500","3281","870.2",""
"811373000","215500","3281","871.3",""
"812523000","215500","3281","872.1",""
"813679000","215500","3281","873.2",""
"814829000","215500","3281","873.9",""
"815915000","215500","3281","874.2",""
"817123000","215500","3281","875.3",""
"818273000","215500","3281","876.0",""
"819423000","215500","3281","876.8",""
"820573000","215500","3281","877.5",""
"821658000","215500","3281","878.2",""
"822865000","215500","3281","878.9",""
"824020000","215500","3281","879.6",""
"825174000","215500","3281","880.7",""
"826324000","215500","3281","881.4",""
"827409000","215500","3281","882.2",""
"828617000","215500","3280","883.3",""
"829767000","223700","3280","884.4",""
"830916000","223700","3280","885.5",""
"832066000","223700","3280","886.6",""
"833156000","223700","3280","887.3",""
"834364000","223700","3280","888.0",""
"835513000","223700","3280","888.7",""
"836663000","223700","3280","889.4",""
"837814000","223700","3280","890.6",""
"838899000","223700","3280","890.9",""
"840107000","223700","3280","892.0",""
"841257000","223700","3280","892.7",""
"842406000","223700","3280","893.4",""
"843562000","223700","3280","894.1",""
"844638000","223700","3280","894.9",""
"845854000","223700","3280","895.6",""
"847004000","223700","3280","896.7",""
"848153000","223700","3280","897.4",""
"849303000","223700","3280","898.5",""
"850388000","223700","3280","899.6",""
"851595000","223700","3280","900.7",""
"852745000","223700","3280","901.8",""
"853901000","223700","3280","902.5",""
"855051000","223700","3280","903.2",""
"856135000","223700","3280","904.0",""
"857343000","223700","3280","904.7",""
"858493000","223700","3280","905.4",""
"859643000","223700","3280","906.1",""
"860792000","223700","3280","907.2",""
"861876000","223700","3280","907.5",""
"863088000","223700","3280","908.3",""
"864238000","223700","3280","909.4",""
"865389000","223700","3280","910.1",""
"866539000","223700","3280","910.8",""
"867628000","223700","3280","911.5",""
"868836000","223700","3280","912.6",""
"869986000","223700","3280","914.1",""
"871136000","223700","3280","915.2",""
"872286000","223700","3280","915.9",""
"873376000","223700","3280","916.7",""
"874585000","223700","3280","917.4",""
"875735000","223700","3280","918.5",""
"876885000","223700","3280","919.2",""
"878035000","223700","3280","919.9",""
"879120000","223700","3280","920.6",""
"880327000","223700","3280","921.3",""
"881478000","223700","3280","922.1",""
"882628000","223700","3280","922.8",""
"883783000","223700","3280","923.9",""
"884868000","223700","3280","924.2",""
"886075000","223700","3280","925.3",""
"887225000","223700","3280","926.0",""
"888374000","223700","3280","927.1",""
"889525000","223700","3280","928.2",""
"890609000","223700","3280","929.3",""
"891817000","223700","3280","930.4",""
"892973000","223700","3280","931.2",""
"894123000","223700","3280","931.9",""
"895273000","223700","3280","933.0",""
"896358000","223700","3280","933.3",""
"897565000","223700","3280","934.0",""
"898715000","223700","3280","935.1",""
"899865000","223700","3280","935.9",""
"901015000","223700","3280","936.6",""
"902100000","223700","3280","937.3",""
"903314000","223700","3280","938.0",""
"904463000","223700","3280","938.7",""
"905614000","223700","3280","939.8",""
"906763000","223700","3280","940.5",""
"907849000","223700","3280","941.3",""
"909062000","223700","3280","942.4",""
"910212000","223700","3280","943.9",""
"911362000","223700","3280","945.0",""
"912512000","223700","3280","945.7",""
"913602000","223700","3280","946.4",""
"914811000","223700","3280","947.1",""
"915960000","223700","3280","947.8",""
"917110000","223700","3281","948.9",""
"918259000","223700","3281","949.6",""
"919344000","223700","3281","950.0",""
"920551000","223700","3281","951.1",""
"921701000","223700","3281","951.8",""
"922851000","223700","3281","952.5",""
"924007000","223700","3281","953.2",""
"925091000","223700","3281","954.0",""
"926299000","223700","3281","954.7",""
"927449000","223700","3281","955.8",""
"928599000","223700","3281","956.9",""
"929749000","223700","3281","958.0",""
"930835000","223700","3281","959.1",""
"932043000","223700","3281","960.2",""
"933198000","223700","3281","960.9",""
"934347000","223700","3281","961.6",""
"935498000","223700","3281","962.3",""
"936583000","223700","3281","963.1",""
"937790000","223700","3280","963.8",""
"938941000","223700","3281","964.9",""
"940090000","223700","3281","965.6",""
"941239000","223700","3281","966.3",""
"942325000","223700","3280","966.6",""
"943538000","223700","3280","967.7",""
"944688000","223700","3280","968.5",""
"945838000","223700","3280","969.2",""
"946987000","223700","3280","970.3",""
"948072000","223700","3280","971.0",""
"949280000","223700","3280","972.1",""
"950430000","223700","3280","973.6",""
"951586000","223700","3281","974.7",""
"952735000","223700","3280","975.4",""
"953826000","223700","3281","976.1",""
"955035000","223700","3281","976.9",""
"956185000","223700","3281","977.6",""
"957334000","223700","3281","978.7",""
"958483000","223700","3281","979.4",""
"959568000","223700","3281","979.7",""
"960776000","223700","3281","980.8",""
"961926000","223700","3281","981.5",""
"963081000","223700","3281","982.3",""
"964231000","223700","3281","983.0",""
"965316000","223700","3281","983.7",""
"966525000","223700","3281","984.4",""
"967675000","223700","3281","985.5",""
"968824000","223700","3281","986.6",""
"969974000","223700","3280","987.7",""
"971059000","223700","3280","988.8",""
"972267000","223700","3280","989.9",""
"973422000","223700","3280","990.6",""
"974572000","223700","3280","991.4",""
"975721000","223700","3280","992.5",""
"976806000","223700","3280","992.8",""
"978013000","223700","3280","993.5",""
"979163000","223700","3280","994.6",""
"980313000","223700","3280","995.3",""
"981463000","223700","3280","996.1",""
"982548000","223700","3280","996.8",""
"983762000","223700","3280","997.5",""
"984911000","223700","3280","998.2",""
"986061000","223700","3280","999.3",""
"987211000","223700","3280","1000.0",""
"988295000","223700","3280","1000.7",""
"989503000","223700","3280","1002.2",""
"990653000","223700","3280","1003.3",""
"991802000","223700","3280","1004.4",""
"992962000","223700","3280","1005.5",""
"994047000","223700","3280","1005.9",""
"995255000","223700","3280","1006.6",""
"996405000","223700","3280","1007.7",""
"997554000","223700","3280","1008.4",""
"998704000","223700","3280","1009.1",""
"999790000","223700","3280","1009.9","0x8000000000000800"
"1000998000","223700","3280","1010.6","0x8000000000000800"
